{
  "model": {
	"type": "select",
    "property": "custom_model_data",
    "fallback": {
      "type": "model",
      "model": "item/netherite_upgrade_smithing_template"
    },
    "cases": [
      {
        "when": 1,
        "model": {
          "type": "model",
          "model": "item/copper_upgrade"
        }
      },
      {
        "when": 2,
        "model": {
          "type": "model",
          "model": "item/iron_upgrade"
        }
      },
      {
        "when": 3,
        "model": {
          "type": "model",
          "model": "item/diamond_upgrade"
        }
      }
    ]
  }
}