{
    "music_disc.redstoneactive": {
        "sounds": [
            {
                "name": "the_new_life_music:records/redstoneactive",
                "stream": true
            }
        ]
    },
    "music_disc.icanswingmysword": {
        "sounds": [
            {
                "name": "the_new_life_music:records/icanswingmysword",
                "stream": true
            }
        ]
    },
    "music_disc.tnt": {
        "sounds": [
            {
                "name": "the_new_life_music:records/tnt",
                "stream": true
            }
        ]
    },
    "music_disc.fallenkingdom": {
        "sounds": [
            {
                "name": "the_new_life_music:records/fallenkingdom",
                "stream": true
            }
        ]
    },
    "music_disc.revenge": {
        "sounds": [
            {
                "name": "the_new_life_music:records/revenge",
                "stream": true
            }
        ]
    },
    "music_disc.dontmineatnight": {
        "sounds": [
            {
                "name": "the_new_life_music:records/dontmineatnight",
                "stream": true
            }
        ]
    }
}