{
    "parent": "item/generated",
    "textures": {
        "layer0": "item/music_disc_11"
    },
    "overrides": [
        {
            "predicate": {
                "custom_model_data": 1
            },
            "model": "the_new_life_music:item/music_disc_revenge"
        },
        {
            "predicate": {
                "custom_model_data": 2
            },
            "model": "the_new_life_music:item/music_disc_fallenkingdom"
        },
        {
            "predicate": {
                "custom_model_data": 3
            },
            "model": "the_new_life_music:item/music_disc_icanswingmysword"
        },
        {
            "predicate": {
                "custom_model_data": 4
            },
            "model": "the_new_life_music:item/music_disc_redstoneactive"
        },
        {
            "predicate": {
                "custom_model_data": 5
            },
            "model": "the_new_life_music:item/music_disc_tnt"
        },
        {
            "predicate": {
                "custom_model_data": 6
            },
            "model": "the_new_life_music:item/music_disc_dontmineatnight"
        }
    ]
}