{
  "model": {
    "type": "select",
    "property": "custom_model_data",
    "fallback": {
      "type": "model",
      "model": "minecraft:item/paper"
    },
    "cases": [
      {
        "when": "copper_upgrade",
        "model": {
          "type": "model",
          "model": "minecraft:item/copper_upgrade"
        }
      },
      {
        "when": "iron_upgrade",
        "model": {
          "type": "model",
          "model": "minecraft:item/iron_upgrade"
        }
      },
      {
        "when": "diamond_upgrade",
        "model": {
          "type": "model",
          "model": "minecraft:item/diamond_upgrade"
        }
      }
    ]
  }
}
